split,station,in_ws_40m,in_wrf_40m,latitude_deg,longitude_deg,lat_hemisphere,lon_hemisphere,coordinate_source,ws_nonnull_count,ws_start,ws_end,wrf_nonnull_count,candidate_pair_count_wrf_plus9h,status,physical_site_group
tr,jeju_seopji,1,1,33.43012,126.93280,N,E,LEGACY_CODE,8581,1998-01-01 00:00:00,1998-12-31 23:00:00,87649,0,NO_TEMPORAL_OVERLAP,jeju_seopji
tr,jeju_yongdang,1,1,33.34268,126.17528,N,E,LEGACY_CODE,25446,1997-01-01 00:00:00,1999-12-29 23:00:00,87649,0,NO_TEMPORAL_OVERLAP,jeju_yongdang
tr,jeju_ilgwa,1,1,33.23712,126.23545,N,E,LEGACY_CODE,8541,1999-05-07 00:00:00,2000-05-06 15:00:00,87649,0,NO_TEMPORAL_OVERLAP,jeju_ilgwa
tr,jeju_gimnyeong,1,1,33.55808,126.76047,N,E,LEGACY_CODE,13068,1996-06-01 00:00:00,1997-11-30 23:00:00,87649,0,NO_TEMPORAL_OVERLAP,jeju_gimnyeong
tr,jeju_hansu,1,1,33.42928,126.26477,N,E,LEGACY_CODE,8542,2000-10-01 00:00:00,2001-09-30 23:00:00,87649,0,NO_TEMPORAL_OVERLAP,jeju_hansu
tr,jeju_haengwon,1,1,33.55722,126.81102,N,E,LEGACY_CODE,8629,1996-12-01 00:00:00,1997-11-30 22:00:00,87649,0,NO_TEMPORAL_OVERLAP,haengwon
tr,kangwon_maebong,1,1,37.21704,128.96123,N,E,LEGACY_CODE,8391,2001-11-20 00:00:00,2002-11-19 23:00:00,87649,0,NO_TEMPORAL_OVERLAP,kangwon_maebong
tr,gyeongsang_yeongdeok,1,1,36.41985,129.41797,N,E,LEGACY_CODE,8724,2001-01-01 00:00:00,2001-12-31 23:00:00,87649,0,NO_TEMPORAL_OVERLAP,gyeongsang_yeongdeok
tr,jeju_panpo,1,1,33.36035,126.18881,N,E,LEGACY_CODE,8679,2009-12-14 09:00:00,2010-12-14 08:00:00,87649,0,NO_TEMPORAL_OVERLAP,jeju_panpo
tr,jeju_haengwon2,1,1,33.55943,126.81359,N,E,LEGACY_CODE,8712,2017-01-01 00:00:00,2017-12-31 23:00:00,87649,8712,CANDIDATE_PAIRABLE,haengwon
tr,jeju_haengwon3,1,1,33.55943,126.81359,N,E,LEGACY_CODE,8713,2022-01-01 00:00:00,2022-12-31 23:00:00,87649,8713,CANDIDATE_PAIRABLE,haengwon
tr,jeju_haengwon4,1,1,33.55943,126.81359,N,E,LEGACY_CODE,26101,2021-01-01 00:00:00,2023-12-31 23:00:00,87649,26101,CANDIDATE_PAIRABLE,haengwon
tr,gyeongsang_yeongdeok2,1,1,36.41783,129.38933,N,E,LEGACY_CODE,8665,2012-10-01 00:00:00,2013-09-30 23:00:00,87649,0,NO_TEMPORAL_OVERLAP,gyeongsang_yeongdeok2
tr,jeolla_boseong,1,1,,,,,UNKNOWN,16984,2015-01-01 00:00:00,2016-12-31 23:00:00,87649,16975,CANDIDATE_PAIRABLE,jeolla_boseong
tr,westsea_hemosu1,1,1,35.46533,126.12925,N,E,LEGACY_CODE,17346,2014-01-01 00:00:00,2015-12-31 23:00:00,87649,8641,CANDIDATE_PAIRABLE,westsea_hemosu1
tr,westsea_wangdeungnyeo,1,1,35.37101,126.13063,N,E,LEGACY_CODE,16762,2010-01-24 14:00:00,2011-12-31 23:00:00,87649,0,NO_TEMPORAL_OVERLAP,westsea_wangdeungnyeo
tr,westsea_jugdo,1,1,34.88700,125.79169,N,E,LEGACY_CODE,8623,2023-01-01 00:00:00,2023-12-31 23:00:00,87649,8623,CANDIDATE_PAIRABLE,westsea_jugdo
tr,southsea_yeosu1,1,1,34.36414,127.71048,N,E,LEGACY_CODE,8725,2021-10-01 00:00:00,2022-09-30 23:00:00,87649,8725,CANDIDATE_PAIRABLE,southsea_yeosu1
tr,southsea_yeosu2,1,1,34.22184,127.72804,N,E,LEGACY_CODE,8732,2023-01-01 00:00:00,2023-12-31 23:00:00,87649,8732,CANDIDATE_PAIRABLE,southsea_yeosu2
tr,southsea_jindo,1,1,34.189653,126.132725,N,E,FLS_HEADER,8701,2021-09-18 23:00:00,2022-09-19 08:00:00,87649,8701,CANDIDATE_PAIRABLE,southsea_jindo
tr,southsea_ieodo,1,1,32.12295,125.18245,N,E,LEGACY_CODE,84598,2008-01-01 09:00:00,2020-01-01 08:00:00,87649,40252,CANDIDATE_PAIRABLE,ieodo
tr,southsea_ieodo2,1,1,32.12295,125.18245,N,E,LEGACY_CODE,117400,2008-01-01 09:00:00,2024-01-01 08:00:00,87649,73066,CANDIDATE_PAIRABLE,ieodo
ve,jeju_daejungfarm,1,1,33.25889,126.22749,N,E,LEGACY_CODE,12352,1996-05-31 15:00:00,1997-10-31 14:00:00,87649,0,NO_TEMPORAL_OVERLAP,jeju_daejungfarm
ve,kangwon_yanggu,1,1,38.26574,128.08711,N,E,LEGACY_CODE,7848,2003-12-31 15:00:00,2004-12-31 14:00:00,87649,0,NO_TEMPORAL_OVERLAP,kangwon_yanggu
ve,kangwon_yeongwol,1,1,37.25139,128.48750,N,E,LEGACY_CODE,8678,2003-11-19 00:00:00,2004-11-17 23:00:00,87649,0,NO_TEMPORAL_OVERLAP,kangwon_yeongwol
ve,kangwon_hoengseong,1,1,37.49584,128.15947,N,E,LEGACY_CODE,8670,2004-01-01 00:00:00,2004-12-31 23:00:00,87649,0,NO_TEMPORAL_OVERLAP,kangwon_hoengseong
ve,kangwon_hoenggye,1,1,37.69258,128.71291,N,E,LEGACY_CODE,16665,1998-12-31 14:00:00,2000-12-31 15:00:00,87649,0,NO_TEMPORAL_OVERLAP,kangwon_hoenggye
ve,gyeongsang_uljin,1,1,36.87492,129.39112,N,E,LEGACY_CODE,9152,2004-05-04 00:00:00,2005-05-25 23:00:00,87649,0,NO_TEMPORAL_OVERLAP,gyeongsang_uljin
ve,chungcheong_boryeong,1,1,36.27214,126.54531,N,E,LEGACY_CODE,8693,2001-03-31 14:00:00,2002-03-31 14:00:00,87649,0,NO_TEMPORAL_OVERLAP,chungcheong_boryeong
ve,chungcheong_seocheon,1,1,36.17729,126.52662,N,E,LEGACY_CODE,8676,2001-03-31 15:00:00,2002-03-31 14:00:00,87649,0,NO_TEMPORAL_OVERLAP,chungcheong_seocheon
ve,chungcheong_dangjin,1,1,36.99822,126.67424,N,E,LEGACY_CODE,8472,2001-03-31 15:00:00,2002-03-31 14:00:00,87649,0,NO_TEMPORAL_OVERLAP,chungcheong_dangjin
ve,chungcheong_taean,1,1,36.64984,126.30017,N,E,LEGACY_CODE,8630,2001-05-02 15:00:00,2002-05-01 14:00:00,87649,0,NO_TEMPORAL_OVERLAP,chungcheong_taean
ve,chungcheong_seosan,1,1,36.62114,126.35348,N,E,LEGACY_CODE,15788,2000-03-31 15:00:00,2002-01-31 14:00:00,87649,0,NO_TEMPORAL_OVERLAP,chungcheong_seosan
ve,jeju_dongbok,1,1,33.54119,126.71476,N,E,LEGACY_CODE,8691,2020-01-01 00:00:00,2020-12-31 23:00:00,87649,8691,CANDIDATE_PAIRABLE,jeju_dongbok
ve,kangwon_jeongseon,1,1,37.15317,128.88867,N,E,LEGACY_CODE,8138,2010-10-01 00:00:00,2011-09-30 23:00:00,87649,0,NO_TEMPORAL_OVERLAP,kangwon_jeongseon
ve,kangwon_pyeongchang,1,1,37.72995,128.69257,N,E,LEGACY_CODE,8615,2021-04-21 00:00:00,2022-04-25 23:00:00,87649,8615,CANDIDATE_PAIRABLE,kangwon_pyeongchang
ve,jeolla_aphae,1,1,34.92290,126.29200,N,E,LEGACY_CODE,8659,2016-03-01 00:00:00,2017-02-28 23:00:00,87649,8659,CANDIDATE_PAIRABLE,jeolla_aphae
ve,jeolla_naju,1,1,35.07120,126.71860,N,E,LEGACY_CODE,8145,2017-06-01 01:00:00,2018-05-31 21:00:00,87649,8145,CANDIDATE_PAIRABLE,jeolla_naju
ve,jeolla_yeonggwang,1,1,35.24370,126.31923,N,E,LEGACY_CODE,17015,2020-03-31 15:00:00,2022-03-31 14:00:00,87649,17015,CANDIDATE_PAIRABLE,jeolla_yeonggwang
ve,westsea_hemosu2,1,1,35.82375,126.20641,N,E,LEGACY_CODE,8706,2014-01-01 00:00:00,2014-12-31 23:00:00,87649,0,NO_TEMPORAL_OVERLAP,westsea_hemosu2
ve,southsea_tongyeong,1,1,34.55471,128.26150,N,E,LEGACY_CODE,17451,2021-10-31 16:00:00,2023-10-31 14:00:00,87649,17451,CANDIDATE_PAIRABLE,southsea_tongyeong
ve,gyeongsang_gori,1,1,35.32398,129.28521,N,E,LEGACY_CODE,8057,2018-02-14 00:00:00,2019-02-17 23:00:00,87649,8057,CANDIDATE_PAIRABLE,gyeongsang_gori
ve,eastsea_ulsan,1,1,35.248060,130.055600,N,E,FLS_HEADER,7352,2020-08-31 15:00:00,2021-08-31 14:00:00,87649,7352,CANDIDATE_PAIRABLE,eastsea_ulsan
ve,jeolla_gunjang,0,1,35.96927,126.58363,N,E,LEGACY_CODE,0,,,87649,0,NWP_ONLY_NO_GT,jeolla_gunjang
